OBJECTID,COUNTY,CITY,SHAPE_Length,SHAPE_Area
1,San Bernardino,Adelanto,122818.299737437,202527216.192637
2,Los Angeles,Agoura Hills,29626.9409210767,29643180.2168469
3,Alameda,Alameda,52137.8898345859,43583057.3347209
4,Alameda,Albany,16774.0081082959,7558116.73565598
5,Los Angeles,Alhambra,25461.4877212837,28883376.5170588
6,Orange,Aliso Viejo,33775.36965739,25901253.4764377
7,Modoc,Alturas,23764.8129749837,13359025.0733427
8,Amador,Amador City,4628.80737247778,1307710.0798024
9,Napa,American Canyon,34793.6430158349,25657659.7419051
10,Orange,Anaheim,147785.097615223,191250823.972966
11,Shasta,Anderson,47510.5476736903,32458888.5122888
12,Calaveras,Angels,30295.3820915045,14886738.4806174
13,Contra Costa,Antioch,74914.6190281131,124941446.272956
14,San Bernardino,Apple Valley,105049.4967767,294405037.550171
15,Los Angeles,Arcadia,48662.3989268694,42082448.5027316
16,Humboldt,Arcata,75159.8528393294,51385121.9647162
17,San Luis Obispo,Arroyo Grande,31484.2374823271,23011217.5343563
18,Los Angeles,Artesia,15055.4588776113,6128531.56704868
19,Kern,Arvin,26421.7599110538,18685857.7240195
20,San Luis Obispo,Atascadero,57267.5377456556,102461859.552542
21,San Mateo,Atherton,30997.3730535041,20737664.8177786
22,Merced,Atwater,45442.5730130092,27568274.0758046
23,Placer,Auburn,59836.9234373423,30627246.0009844
24,Los Angeles,Avalon,20901.4058933756,10948557.7585469
25,Kings,Avenal,55421.4831607357,77458981.7145326
26,Los Angeles,Azusa,58591.2633259966,36615279.2728868
27,Kern,Bakersfield,529571.340981571,592532899.830098
28,Los Angeles,Baldwin Park,32301.7643382818,25658139.0047098
29,Riverside,Banning,98557.2972180554,87707281.2931848
30,San Bernardino,Barstow,124528.364178158,159114428.286012
31,Riverside,Beaumont,95506.8004090701,114352991.490681
32,Los Angeles,Bell,24187.7988238013,9896026.31977367
33,Los Angeles,Bell Gardens,14226.2159430135,9285293.58990093
34,Los Angeles,Bellflower,21825.9095908551,23316766.0326304
35,San Mateo,Belmont,28173.7781021889,19123418.3483687
36,Marin,Belvedere,8307.52542797478,2645759.89077225
37,Solano,Benicia,44254.5219956478,54541414.0902696
38,Alameda,Berkeley,41459.8358252208,44043848.5122027
39,Los Angeles,Beverly Hills,31778.1467954651,21616862.8104127
40,San Bernardino,Big Bear Lake,56830.6218117954,24456282.321707
41,Butte,Biggs,16135.5475687751,3846221.80699031
42,Inyo,Bishop,20427.2818740171,7733927.84942252
43,Humboldt,Blue Lake,12023.8202455926,2934186.01024544
44,Riverside,Blythe,121185.791512666,102128780.164679
45,Los Angeles,Bradbury,14387.3509449847,7454190.29314122
46,Imperial,Brawley,38180.6915585087,29855025.1005802
47,Orange,Brea,60278.4779202735,47967118.7719616
48,Contra Costa,Brentwood,55421.5445564584,62015016.6127945
49,San Mateo,Brisbane,22435.3660251473,13141844.1684458
50,Santa Barbara,Buellton,14624.7618000318,6141802.36026898
51,Orange,Buena Park,48303.8374184982,39656061.378677
52,Los Angeles,Burbank,37732.6946253986,65680185.0967789
53,San Mateo,Burlingame,33027.568720909,18469807.4570157
54,Los Angeles,Calabasas,55027.0138540102,52298282.0133318
55,Imperial,Calexico,29186.7504064064,31087613.8997936
56,Kern,California,218543.463339714,789537581.609236
57,Riverside,Calimesa,49018.0566738466,56203575.4537515
58,Imperial,Calipatria,26908.293217937,13738251.4273134
59,Napa,Calistoga,18961.5008679439,10908956.6210954
60,Ventura,Camarillo,81527.1292157229,75049422.5420906
61,Santa Clara,Campbell,42631.9458557832,24998433.2074074
62,Riverside,Canyon Lake,23490.579961165,17337155.7478357
63,Santa Cruz,Capitola,17092.7806142045,6563801.59765369
64,San Diego,Carlsbad,64938.8535334869,144618401.80549
65,Monterey,Carmel-by-the-Sea,11103.4565112886,4207291.5769385
66,Santa Barbara,Carpinteria,25481.3893436891,9769194.62251886
67,Los Angeles,Carson,46865.9006991578,71264282.0858213
68,Riverside,Cathedral City,72484.3268674973,85685092.9377505
69,Stanislaus,Ceres,50115.3080437325,39070071.5223489
70,Los Angeles,Cerritos,44159.881189973,33280831.0228933
71,Butte,Chico,131651.041554673,150957724.093779
72,San Bernardino,Chino,76113.5270318804,112329838.892828
73,San Bernardino,Chino Hills,64200.6796619089,169201221.538695
74,Madera,Chowchilla,54494.8756493191,47512774.1404723
75,San Diego,Chula Vista,117806.855203595,190896872.449446
76,Sacramento,Citrus Heights,37762.3362006203,60529427.33099
77,Los Angeles,Claremont,55362.5331941455,51009423.4831253
78,Contra Costa,Clayton,22349.1622433843,15979272.808641
79,Lake,Clearlake,59497.0087341306,45141923.8258017
80,Sonoma,Cloverdale,34418.2837712661,14080162.3572707
81,Fresno,Clovis,97663.590644861,105253885.032912
82,Riverside,Coachella,74723.4724961517,116022122.273895
83,Fresno,Coalinga,59004.0789891016,26811703.5478774
84,Placer,Colfax,26705.3214966496,6075099.92155644
85,San Mateo,Colma,14677.5565636409,7919732.00029705
86,San Bernardino,Colton,87245.8804202481,61239993.8737343
87,Colusa,Colusa,50573.3433141561,18452204.7172163
88,Los Angeles,Commerce,34419.7083613074,24772005.2800111
89,Los Angeles,Compton,65518.6690071158,38044748.6271218
90,Contra Costa,Concord,73126.2628300681,127547312.80808
91,Kings,Corcoran,53934.7719126796,29858425.4031653
92,Tehama,Corning,43990.3022508086,16019825.5933515
93,Riverside,Corona,132639.415574946,150160692.517411
94,San Diego,Coronado,51643.9720818915,54368999.4632565
95,Marin,Corte Madera,23965.1092416912,13350101.0483845
96,Orange,Costa Mesa,42864.6393946845,59407007.0918882
97,Sonoma,Cotati,22654.0211951365,8054478.46203464
98,Los Angeles,Covina,68641.7553657182,26633974.4640584
99,Del Norte,Crescent City,27369.6557270134,9047176.81462182
100,Los Angeles,Cudahy,12556.3548783388,4619389.10264014
101,Los Angeles,Culver City,43000.4913870563,19392272.6348817
102,Santa Clara,Cupertino,61781.3145578038,46482456.5751659
103,Orange,Cypress,30858.901680226,24931635.8019405
104,San Mateo,Daly City,58686.9223390108,31481707.6374009
105,Orange,Dana Point,35764.3799365159,23829533.3039017
106,Contra Costa,Danville,59498.8342104975,75149078.9873647
107,Yolo,Davis,43727.0754492936,42513322.6375291
108,San Diego,Del Mar,15013.9653283871,6528006.66617415
109,Monterey,Del Rey Oaks,15438.2674596304,4354362.69917263
110,Kern,Delano,75085.9869482685,71003093.3734758
111,Riverside,Desert Hot Springs,89443.7529408403,115059017.081161
112,Los Angeles,Diamond Bar,40852.066185596,56260173.4735795
113,Tulare,Dinuba,32025.4972825879,26401253.5124686
114,Solano,Dixon,45030.9710366051,30637808.0040834
115,Siskiyou,Dorris,10506.6311149448,3429176.4786762
116,Merced,Dos Palos,19920.8749453086,5625361.71415193
117,Los Angeles,Downey,33293.6789301298,47429347.5682638
118,Los Angeles,Duarte,41232.943838468,25352553.1237754
119,Alameda,Dublin,47525.9443533759,63102258.7414137
120,Siskiyou,Dunsmuir,31070.5115649967,7928150.18750104
121,San Mateo,East Palo Alto,17040.0901603936,10429456.6335197
122,Riverside,Eastvale,44382.0657984975,49689314.270597
123,San Diego,El Cajon,86079.6036208551,53431660.9025913
124,Imperial,El Centro,50443.6956161204,44662189.0111585
125,Contra Costa,El Cerrito,20414.098729875,15324817.6795116
126,Los Angeles,El Monte,39418.8778257251,36375737.7007616
127,Los Angeles,El Segundo,21114.5525322777,20524972.5617885
128,Sacramento,Elk Grove,85062.4259833198,180614318.39088
129,Alameda,Emeryville,16662.5735328224,5216920.66828795
130,San Diego,Encinitas,58535.0854006097,72182316.6216
131,San Joaquin,Escalon,31546.1039673827,9845771.8721058
132,San Diego,Escondido,205329.721060864,138573561.773713
133,Siskiyou,Etna,11297.0680933741,3470354.2827865
134,Humboldt,Eureka,67001.7622459425,72595036.0391186
135,Tulare,Exeter,21009.4552142181,9804917.04225123
136,Marin,Fairfax,26563.2613679104,9362702.68002607
137,Solano,Fairfield,159968.996347406,176053174.639487
138,Tulare,Farmersville,22231.5973892842,9056224.68882054
139,Humboldt,Ferndale,11752.2746723778,5185693.68701577
140,Ventura,Fillmore,27109.0917189968,12609623.2953612
141,Fresno,Firebaugh,36627.7771039334,14880424.5708093
142,Sacramento,Folsom,60618.5487121198,127828711.411069
143,San Bernardino,Fontana,91356.777496243,164072193.047461
144,Mendocino,Fort Bragg,47830.7856066286,12609209.3871087
145,Siskiyou,Fort Jones,14024.3053883894,2873459.61284014
146,Humboldt,Fortuna,34275.2801650735,23527739.3313535
147,San Mateo,Foster City,21511.8779761492,17727305.204864
148,Orange,Fountain Valley,26310.695847441,34015924.2815105
149,Fresno,Fowler,30865.7058875035,10684030.0900087
150,Alameda,Fremont,144697.721269361,324788152.286606
151,Fresno,Fresno,446585.491366752,474448227.846794
152,Orange,Fullerton,60838.9973559855,84592257.7213618
153,Sacramento,Galt,39586.7074293158,32903183.1600105
154,Orange,Garden Grove,75728.7077949264,67328032.9666709
155,Los Angeles,Gardena,24272.2341256599,22071813.9205083
156,Santa Clara,Gilroy,73015.2631081162,67431297.2794593
157,Los Angeles,Glendale,70336.191346264,116231433.249939
158,Los Angeles,Glendora,59814.3262326629,74515449.9262672
159,Santa Barbara,Goleta,46802.1306678649,30092246.8956209
160,Monterey,Gonzales,27134.3398549037,7545441.73848022
161,San Bernardino,Grand Terrace,21841.2250694831,13349239.4719999
162,Nevada,Grass Valley,59397.7448823802,26922979.0908142
163,Monterey,Greenfield,30925.4039772309,12209154.0643408
164,Butte,Gridley,26522.1131004787,9964199.17436126
165,San Luis Obispo,Grover Beach,15132.2391028586,9027563.97264945
166,Santa Barbara,Guadalupe,17925.4478866387,5149501.49733684
167,Merced,Gustine,29208.4141473763,7397082.03089299
168,San Mateo,Half Moon Bay,42114.3426124219,25342230.1985785
169,Kings,Hanford,87024.6842186307,71971659.0107018
170,Los Angeles,Hawaiian Gardens,9456.85054287884,3590395.92473228
171,Los Angeles,Hawthorne,40451.3896128779,22848028.1474595
172,Alameda,Hayward,150960.216400804,187926714.360799
173,Sonoma,Healdsburg,41332.294590702,18654908.8652815
174,Riverside,Hemet,87602.168276641,109830880.876699
175,Contra Costa,Hercules,32377.2359165595,26787907.089032
176,Los Angeles,Hermosa Beach,10506.4189834707,5487784.65940198
177,San Bernardino,Hesperia,163259.601762943,277190053.378591
178,Los Angeles,Hidden Hills,15762.6597660071,6400680.48246001
179,San Bernardino,Highland,81842.6714075798,70780878.8788537
180,San Mateo,Hillsborough,33968.9272099256,25561624.4405618
181,San Benito,Hollister,90724.1605861526,33155414.0786204
182,Imperial,Holtville,15518.7707456685,4277492.62694369
183,Stanislaus,Hughson,17654.6771610778,7453066.92639961
184,Orange,Huntington Beach,77682.7855578144,103208428.20164
185,Los Angeles,Huntington Park,24400.3757906108,11402981.5994725
186,Fresno,Huron,17300.2652166985,6737058.14932402
187,Imperial,Imperial,43030.9829509035,23161096.2223137
188,San Diego,Imperial Beach,20877.2147993903,15916120.9057992
189,Riverside,Indian Wells,37000.3789555195,54714791.7670414
190,Riverside,Indio,88236.0905889909,128486308.975921
191,Los Angeles,Industry,134966.27935741,45486035.0815875
192,Los Angeles,Inglewood,33226.1318841621,34347661.1003803
193,Amador,Ione,29435.8177192051,19481241.3335355
194,Orange,Irvine,95122.6912902474,247401856.206737
195,Los Angeles,Irwindale,48481.23194286,36466011.8093565
196,Sacramento,Isleton,10250.5045718096,1958408.88576455
197,Amador,Jackson,34718.1531706382,15153684.5904533
198,Riverside,Jurupa Valley,61890.0615490271,164923878.262024
199,Fresno,Kerman,22574.9030081228,13607245.8611179
200,Monterey,King City,31565.1982754187,16014595.2945054
201,Fresno,Kingsburg,30115.6085139164,15204600.4397384
202,Los Angeles,La Cañada Flintridge,33986.9652729618,32825753.9052148
203,Orange,La Habra,27108.1498336886,28562246.8131918
204,Los Angeles,La Habra Heights,25717.6679155575,23237658.9308721
205,San Diego,La Mesa,49608.2904252939,33194719.7428954
206,Los Angeles,La Mirada,29339.4142473851,29566088.2279744
207,Orange,La Palma,16510.7887691079,6802321.96989127
208,Los Angeles,La Puente,31989.2978745531,13139034.4298323
209,Riverside,La Quinta,74293.229122621,133849046.403708
210,Los Angeles,La Verne,42546.1444125944,32257082.1347088
211,Contra Costa,Lafayette,55338.3831148996,63283520.4920538
212,Orange,Laguna Beach,64389.0862318355,33138916.6299709
213,Orange,Laguna Hills,36409.4751324367,24878974.0461665
214,Orange,Laguna Niguel,44223.7400642561,55229711.1187241
215,Orange,Laguna Woods,27897.5637052062,12378183.5001624
216,Riverside,Lake Elsinore,113953.131989199,163036845.515061
217,Orange,Lake Forest,39881.6125289097,62917505.1146371
218,Lake,Lakeport,27465.1797743357,13401014.9149635
219,Los Angeles,Lakewood,45731.4564949976,35596072.5075268
220,Los Angeles,Lancaster,252267.669277932,362603667.778439
221,Marin,Larkspur,30788.3420508877,13293315.2309746
222,San Joaquin,Lathrop,67107.0962144622,87016053.6994388
223,Los Angeles,Lawndale,13589.2990917114,7442780.83867978
224,San Diego,Lemon Grove,23548.0324742558,14357877.1108439
225,Kings,Lemoore,40890.4411989298,38913019.0425252
226,Placer,Lincoln,65465.9506713864,101593332.067558
227,Tulare,Lindsay,24491.6124148178,10821316.0442784
228,Sutter,Live Oak,27348.6499959488,13470636.9944393
229,Alameda,Livermore,105363.329016143,110339067.097086
230,Merced,Livingston,28543.0065862552,15185179.4851114
231,San Joaquin,Lodi,62878.7887841753,58646344.6009066
232,San Bernardino,Loma Linda,29108.8779855267,32998242.9603879
233,Los Angeles,Lomita,16515.6230952438,7217657.18873299
234,Santa Barbara,Lompoc,48729.222471667,44921248.2778776
235,Los Angeles,Long Beach,120342.453096822,195374789.62533
236,Placer,Loomis,37187.1496304939,31363962.6380983
237,Orange,Los Alamitos,25658.7842964288,15409172.5779968
238,Santa Clara,Los Altos,42741.9647932818,26806472.1815323
239,Santa Clara,Los Altos Hills,44258.5727888145,37228036.3679618
240,Los Angeles,Los Angeles,596444.925917448,1783699494.08801
241,Merced,Los Banos,57222.7081229144,43298500.3281319
242,Santa Clara,Los Gatos,93473.7479396479,47696895.6860586
243,Sierra,Loyalton,5251.28869066128,1489336.31232239
244,Los Angeles,Lynwood,26554.2639184891,18294345.5413721
245,Madera,Madera,76399.8717071661,79833175.6628796
246,Los Angeles,Malibu,92982.9834788779,73975530.9877436
247,Mono,Mammoth Lakes,58077.399081153,104102584.105154
248,Los Angeles,Manhattan Beach,17595.2246227555,14926378.3682592
249,San Joaquin,Manteca,87494.2696015918,89305511.0126324
250,Kern,Maricopa,18475.6070831266,5975737.35578586
251,Monterey,Marina,38422.8655354603,35446986.9393859
252,Contra Costa,Martinez,74620.7834563895,52940579.8438404
253,Yuba,Marysville,26996.4853570796,15713109.0813429
254,Los Angeles,Maywood,11065.7838467878,4438563.5316526
255,Kern,McFarland,37675.5489978891,24980153.560203
256,Fresno,Mendota,34555.5944717462,13475055.649865
257,Riverside,Menifee,83343.6703118998,174635869.729756
258,San Mateo,Menlo Park,69961.0888590052,41852669.9248672
259,Merced,Merced,133704.710727121,95885024.198384
260,Marin,Mill Valley,35609.4761562067,20074750.5597598
261,San Mateo,Millbrae,20198.7296095275,13490835.5641433
262,Santa Clara,Milpitas,60850.4124348677,55691336.5670675
263,Orange,Mission Viejo,47273.0554537214,67400725.0208295
264,Stanislaus,Modesto,200855.331053434,186787239.243308
265,Los Angeles,Monrovia,53149.2900309417,52129581.0648501
266,Siskiyou,Montague,16686.9993069626,8089220.29245513
267,San Bernardino,Montclair,23083.9462119652,21030132.5694307
268,Santa Clara,Monte Sereno,25551.3322648272,6645555.28732952
269,Los Angeles,Montebello,36783.7990822581,31602688.2538791
270,Monterey,Monterey,62534.6714741686,33754032.5178175
271,Los Angeles,Monterey Park,29326.9275485419,29283299.5995322
272,Ventura,Moorpark,42232.0737280952,47443273.5212736
273,Contra Costa,Moraga,39240.7386098089,39419995.6175931
274,Riverside,Moreno Valley,94349.3774951999,194325185.189031
275,Santa Clara,Morgan Hill,107865.187520069,52684187.8140257
276,San Luis Obispo,Morro Bay,34075.0786058144,23663789.4204598
277,Siskiyou,Mount Shasta,35894.2414048374,16632746.5366359
278,Santa Clara,Mountain View,55031.9965992104,49802185.5939988
279,Riverside,Murrieta,70826.851771438,132600314.613899
280,Napa,Napa,129760.325516568,77262123.2336604
281,San Diego,National City,65504.2706984745,34048338.4011305
282,San Bernardino,Needles,65594.881240781,120051686.571838
283,Nevada,Nevada City,26570.9309244521,10463165.6503137
284,Alameda,Newark,38337.7002701279,57958722.3530922
285,Stanislaus,Newman,23302.3137598549,9151114.07720014
286,Orange,Newport Beach,74625.246194569,96841477.4109628
287,Riverside,Norco,44775.1228332872,52726840.3876488
288,Los Angeles,Norwalk,33681.1465106872,36808130.042435
289,Marin,Novato,114776.018584197,116161738.779487
290,Stanislaus,Oakdale,44432.5241497711,25993337.4794768
291,Alameda,Oakland,151709.033096015,234498887.712916
292,Contra Costa,Oakley,48900.7001495654,67577231.3434005
293,San Diego,Oceanside,88470.8789245662,156306446.927029
294,Ventura,Ojai,27349.5554146356,16674611.1864044
295,San Bernardino,Ontario,65548.4798316016,188782826.60958
296,Orange,Orange,125474.843067096,96992654.501412
297,Fresno,Orange Cove,17047.9995540738,7307083.06096897
298,Contra Costa,Orinda,48145.8358257897,53560363.2659714
299,Glenn,Orland,26207.697985108,13208664.5909859
300,Butte,Oroville,92788.2071036388,60863715.5829243
301,Ventura,Oxnard,119709.688925853,103405039.544701
302,Monterey,Pacific Grove,23604.8238015182,11586441.3132926
303,San Mateo,Pacifica,50244.9739055468,51327797.7441731
304,Riverside,Palm Desert,75849.398986258,101242306.697062
305,Riverside,Palm Springs,176668.781133685,355393406.631573
306,Los Angeles,Palmdale,252670.9162943,407166449.342025
307,Santa Clara,Palo Alto,116664.573054029,99492987.2555546
308,Los Angeles,Palos Verdes Estates,26368.0304508673,17963837.7998913
309,Butte,Paradise,41387.3547076493,79149910.0746049
310,Los Angeles,Paramount,24979.9723827297,18182373.3532756
311,Fresno,Parlier,25763.3626937447,10091856.3902672
312,Los Angeles,Pasadena,104400.597161116,87596897.3967008
313,San Luis Obispo,Paso Robles,78994.6137163353,78443161.2540757
314,Stanislaus,Patterson,47779.2372387258,32954915.8026984
315,Riverside,Perris,85799.1299361981,119259946.998599
316,Sonoma,Petaluma,67127.901458708,61200535.0717054
317,Los Angeles,Pico Rivera,35140.8519900338,33631078.4964804
318,Alameda,Piedmont,11464.909012027,7100715.36032582
319,Contra Costa,Pinole,34441.423455009,21390539.1512834
320,San Luis Obispo,Pismo Beach,40020.273003992,13553479.183419
321,Contra Costa,Pittsburg,71485.9217441713,69615666.858099
322,Orange,Placentia,41581.3519089016,25449581.5261946
323,El Dorado,Placerville,56039.5185518561,24882613.8497595
324,Contra Costa,Pleasant Hill,41249.6229446693,29528939.8127983
325,Alameda,Pleasanton,99485.8322213575,100556714.714719
326,Amador,Plymouth,30750.0069084184,11255453.3875999
327,Mendocino,Point Arena,16546.5047037089,5781766.17860394
328,Los Angeles,Pomona,60093.8120808412,86949267.247099
329,Ventura,Port Hueneme,19385.6589843143,17128019.0755836
330,Tulare,Porterville,135942.971036758,73746568.3850718
331,Plumas,Portola,39375.5922557991,23881760.77626
332,San Mateo,Portola Valley,32986.7001838649,37166255.748345
333,San Diego,Poway,77232.8929598516,144426724.542766
334,Sacramento,Rancho Cordova,83234.2085753837,147780490.123845
335,San Bernardino,Rancho Cucamonga,65058.4850894629,176245306.569341
336,Riverside,Rancho Mirage,63952.256733958,96272905.1094141
337,Los Angeles,Rancho Palos Verdes,75838.37282626,50715804.7119925
338,Orange,Rancho Santa Margarita,53484.8257059701,48612722.3596802
339,Tehama,Red Bluff,72739.7798535786,34586653.6589841
340,Shasta,Redding,200002.484991267,273653778.200899
341,San Bernardino,Redlands,111481.868659711,137182928.696614
342,Los Angeles,Redondo Beach,34898.5124635903,23634838.5197017
343,San Mateo,Redwood City,93611.4594419462,89617439.1524089
344,Fresno,Reedley,43003.7504339854,22607950.3734416
345,San Bernardino,Rialto,98745.637396962,91390403.568247
346,Contra Costa,Richmond,176965.468233635,126675636.432694
347,Kern,Ridgecrest,69285.6713861919,84540229.0293434
348,Humboldt,Rio Dell,28074.4496109873,11666569.5024496
349,Solano,Rio Vista,35454.395762212,28935366.1344889
350,San Joaquin,Ripon,37095.6157772835,22885456.9716912
351,Stanislaus,Riverbank,28698.0197222144,19707228.8272022
352,Riverside,Riverside,125771.980414997,307618937.782368
353,Placer,Rocklin,52386.9688993346,84310905.074269
354,Sonoma,Rohnert Park,40766.6341920335,30829152.8336672
355,Los Angeles,Rolling Hills,17709.4735506986,11232750.6001012
356,Los Angeles,Rolling Hills Estates,44984.5472704136,13510504.4572444
357,Los Angeles,Rosemead,34742.7231334348,19557738.4469186
358,Placer,Roseville,103311.792172775,188369686.363193
359,Marin,Ross,14630.4897897496,6482114.55509586
360,Sacramento,Sacramento,198235.431794358,427007328.682059
361,Monterey,Salinas,59269.1637748186,94905743.2654668
362,Marin,San Anselmo,23655.481391546,11135699.4096821
363,San Bernardino,San Bernardino,262073.488134334,236679085.917865
364,San Mateo,San Bruno,29835.1015591955,22670974.6508794
365,San Mateo,San Carlos,38466.2060217051,22245703.1293186
366,Orange,San Clemente,46048.6640917567,68399727.9349595
367,San Diego,San Diego,435778.86163822,1248246575.20258
368,Los Angeles,San Dimas,62777.7386299444,58386928.6992462
369,Los Angeles,San Fernando,13535.6476569302,9028821.93077085
370,San Francisco,San Francisco,78294.7937128706,218802843.949667
371,Los Angeles,San Gabriel,35543.8781751863,15644452.7016517
372,Riverside,San Jacinto,72246.5267354758,97900780.6061016
373,Fresno,San Joaquin,16766.3999580375,4621578.0197699
374,Santa Clara,San Jose,557875.372769591,736819403.894541
375,San Benito,San Juan Bautista,11891.2988380369,3161606.72723397
376,Orange,San Juan Capistrano,39988.5955291919,53812533.9423746
377,Alameda,San Leandro,44204.8200563586,55297492.3998441
378,San Luis Obispo,San Luis Obispo,63090.7798914434,53035632.6509174
379,San Diego,San Marcos,82477.3070613506,91060676.724035
380,Los Angeles,San Marino,20988.4391757804,14270612.9933099
381,San Mateo,San Mateo,55198.7181310939,51529814.8108654
382,Contra Costa,San Pablo,20723.2268937805,10873954.901037
383,Marin,San Rafael,91209.0998783666,69657593.528897
384,Contra Costa,San Ramon,53489.5079436679,83436495.8236501
385,Monterey,Sand City,7145.78820765269,1805349.74942704
386,Fresno,Sanger,36456.8541413501,25053821.342956
387,Orange,Santa Ana,59297.6908316491,102836270.761193
388,Santa Barbara,Santa Barbara,98848.6765587068,74581757.0499157
389,Santa Clara,Santa Clara,58831.0418534359,74710485.4278193
390,Los Angeles,Santa Clarita,148628.889044729,281035101.966205
391,Santa Cruz,Santa Cruz,62103.9451505086,51683555.6664275
392,Los Angeles,Santa Fe Springs,57872.9353222548,33436576.485475
393,Santa Barbara,Santa Maria,87476.7593120815,90876058.1475018
394,Los Angeles,Santa Monica,24259.2807029079,32088268.1315716
395,Ventura,Santa Paula,32901.0268886834,21768873.8401631
396,Sonoma,Santa Rosa,243024.248935859,180955561.054045
397,San Diego,Santee,53802.5191415704,61484241.7917057
398,Santa Clara,Saratoga,38809.105860135,52363903.1894277
399,Marin,Sausalito,16234.5328514348,7073235.17906195
400,Santa Cruz,Scotts Valley,36209.3516572755,18918062.4086258
401,Orange,Seal Beach,35829.4298587138,44410784.1521017
402,Monterey,Seaside,28291.5603175703,37576692.1199839
403,Sonoma,Sebastopol,24751.2430763452,7963427.60031737
404,Fresno,Selma,42700.0324949672,24164255.0414031
405,Kern,Shafter,95747.6008510866,151805676.057969
406,Shasta,Shasta Lake,36093.5680038466,48898968.6006452
407,Los Angeles,Sierra Madre,14811.952439339,11224441.6303326
408,Los Angeles,Signal Hill,20718.6956881778,8263922.90162108
409,Ventura,Simi Valley,105750.849854423,160889382.57772
410,San Diego,Solana Beach,17561.8287487586,12566902.0365987
411,Monterey,Soledad,40888.1277290509,18966855.443032
412,Santa Barbara,Solvang,24088.2431437447,9355712.96773308
413,Sonoma,Sonoma,23871.5570063049,11071137.380442
414,Tuolumne,Sonora,21841.3046359222,12993923.5525411
415,Los Angeles,South El Monte,22809.6682006364,10779077.0943361
416,Los Angeles,South Gate,37662.4459559123,27722325.300659
417,El Dorado,South Lake Tahoe,55721.5693958752,74955685.8011627
418,Los Angeles,South Pasadena,15983.9189555153,12938297.1761895
419,San Mateo,South San Francisco,63507.6547264126,37827932.0342095
420,Napa,St. Helena,31664.0719025179,21581247.3835404
421,Orange,Stanton,33483.4044451035,11686823.6098349
422,San Joaquin,Stockton,281568.093558603,276835643.967712
423,Solano,Suisun City,34090.9581435597,17185156.0090197
424,Santa Clara,Sunnyvale,65588.7539645154,91366253.1153603
425,Lassen,Susanville,66105.7517245194,35316411.7727278
426,Amador,Sutter Creek,32096.7322342158,11304102.7857293
427,Kern,Taft,53480.1799352965,58700865.4080918
428,Kern,Tehachapi,65979.8002360187,39970878.8672775
429,Tehama,Tehama,8621.66390587247,3456749.96446115
430,Riverside,Temecula,86826.8837413998,138825973.724452
431,Los Angeles,Temple City,22322.0277417676,15259500.0608169
432,Ventura,Thousand Oaks,123574.681921496,210489429.140211
433,Marin,Tiburon,39930.9143663897,13966906.9421111
434,Los Angeles,Torrance,51431.0744860321,77323535.0305741
435,San Joaquin,Tracy,128899.374823145,109828023.962048
436,Humboldt,Trinidad,13033.1809399579,2076952.75541651
437,Nevada,Truckee,92677.0143089487,146124763.722239
438,Tulare,Tulare,80647.5609781345,81698844.2581831
439,Siskiyou,Tulelake,6727.17549478939,1910090.41234219
440,Stanislaus,Turlock,63723.2000062011,69493672.1863485
441,Orange,Tustin,57170.1289094907,41819913.2796167
442,San Bernardino,Twentynine Palms,106740.923130515,222715993.297339
443,Mendocino,Ukiah,36972.4794027982,20608561.9343042
444,Alameda,Union City,71695.245620852,80377660.2533241
445,San Bernardino,Upland,35235.9099946856,59394293.3290862
446,Solano,Vacaville,99661.3418993779,125859690.041128
447,Solano,Vallejo,111406.565377801,128781834.710146
448,Ventura,Ventura,127366.17037742,84183660.6096752
449,Los Angeles,Vernon,31186.4238103815,19472683.686558
450,San Bernardino,Victorville,142990.451302439,283232286.806066
451,Orange,Villa Park,17655.386665015,7853818.53494563
452,Tulare,Visalia,132472.389351899,153180776.697504
453,San Diego,Vista,99294.9364337895,69662663.446575
454,Los Angeles,Walnut,33705.1603625109,33932902.9809849
455,Contra Costa,Walnut Creek,116944.309246577,82428801.1613605
456,Kern,Wasco,51022.8149010174,37477413.2230039
457,Stanislaus,Waterford,18582.48924822,10166347.8043463
458,Santa Cruz,Watsonville,51227.2729079872,27801610.7341255
459,Siskiyou,Weed,36202.9735374472,22193265.6408746
460,Los Angeles,West Covina,75435.3592723593,60787434.1804395
461,Los Angeles,West Hollywood,21043.1206563809,7178771.35280092
462,Yolo,West Sacramento,46539.3049138467,97647197.0170177
463,Los Angeles,Westlake Village,23742.8012396611,20802713.8792993
464,Orange,Westminster,54680.6137583209,37856018.9583012
465,Imperial,Westmorland,11110.2042727521,2278996.84287841
466,Yuba,Wheatland,46816.2204352653,34931644.1733492
467,Los Angeles,Whittier,60122.342762192,55332675.8251176
468,Riverside,Wildomar,42930.135988216,88793381.0098566
469,Colusa,Williams,31323.7545000774,21810706.9246875
470,Mendocino,Willits,29849.4395878535,12210984.1881851
471,Glenn,Willows,22524.0814661457,12296339.6478252
472,Sonoma,Windsor,57543.5305993551,31982572.2337582
473,Yolo,Winters,24490.1125816714,10804762.339716
474,Tulare,Woodlake,29231.0649497803,13124119.1123401
475,Yolo,Woodland,73095.5187464139,63904987.2344714
476,San Mateo,Woodside,59404.6376184306,47181679.9713434
477,Orange,Yorba Linda,73709.6953217599,75095133.6906946
478,Napa,Yountville,18166.7768406356,6139924.12848616
479,Siskiyou,Yreka,64683.1922662141,46798868.3535061
480,Sutter,Yuba City,81828.8902178417,71791121.1827297
481,San Bernardino,Yucaipa,66660.7734146746,106858391.808675
482,San Bernardino,Yucca Valley,63739.2363936592,150931680.35361
